869,27,Randene
868,67,Bronny
867,4,Germaine
866,72,Dulciana
865,68,Debbi
864,67,Stevy
863,48,Gerhardt
862,53,Alma
861,15,Erich
860,39,Nina
859,15,Norry
858,59,Lari
857,32,Dasya
856,0,Michaela
855,2,Rene
854,26,Jobie
853,47,Cam
852,24,Arlette
851,36,Niki
850,32,Rosanna
849,44,Carrissa
848,68,Menard
847,68,Linette
846,54,Katrina
845,65,Sauncho
844,44,Misha
843,32,Arlyne
842,33,Ellwood
841,62,Darcee
840,66,Filia
839,8,Alexina
838,55,Morgun
837,4,Jeri
836,20,Geri
835,70,Emilia
834,25,Katleen
833,22,Ryon
832,56,Florance
831,54,Billie
830,3,Ole
829,5,Enrica
828,8,Holden
827,29,Nickolas
826,52,Ware
825,20,Oriana
824,67,Eydie
823,61,Torrance
822,57,Sherrie
821,50,Tobias
820,30,Alysia
819,53,Tymothy
818,31,Jerome
817,37,Alison
816,0,Karine
815,8,Thomasin
814,40,Derron
813,51,Ado
812,36,Paule
811,57,Annnora
810,37,Wes
809,9,Abigale
808,9,Shirlee
807,34,Sawyer
806,14,Erasmus
805,73,Torrey
804,16,Anette
803,40,Micaela
802,13,Lauren
801,20,Katlin
800,30,Jackson
799,51,Karney
798,66,Morse
797,27,Charlton
796,20,Leila
795,71,Marianne
794,50,Gwen
793,65,Donetta
792,28,Mal
791,22,Cherice
790,35,Rutledge
789,60,Ker
788,38,Carr
787,55,Raul
786,65,Nerty
785,14,Hobie
784,3,Cassey
783,55,Lionello
782,63,Gipsy
781,0,Patsy
780,72,Daveta
779,55,Beverie
778,16,Krissy
777,12,Carole
776,49,Veronica
775,43,Theobald
774,44,Bobbe
773,0,Mikael
772,29,Luther
771,31,Shir
770,40,Bettine
769,37,Fredek
768,8,Eberhard
767,53,Hollis
766,5,Merna
765,1,Therine
764,10,Corabel
763,28,Alane
762,52,Teador
761,59,Marysa
760,26,Siffre
759,19,Jayme
758,57,Berry
757,5,Ramonda
756,47,Kalindi
755,32,Walker
754,45,Gertruda
753,36,Allianora
752,34,Melosa
751,49,Brose
750,48,Cosette
749,71,Prudi
748,34,Kelbee
747,50,Caralie
746,50,Dannel
745,49,Darren
744,57,Dulcie
743,10,Rosalyn
742,44,Marsha
741,63,Hashim
740,68,Meredeth
739,62,Dwight
738,21,Alvira
737,67,Malissia
736,14,Dirk
735,37,Dorelle
734,24,Jock
733,44,Aimee
732,8,Cleopatra
731,11,Halette
730,8,Lawton
729,67,Rodolph
728,44,Clovis
727,12,Thorvald
726,66,Whit
725,14,Seana
724,14,Garnette
723,73,Fiona
722,43,Ludwig
721,26,Tammi
720,30,Dorisa
719,63,Estrella
718,48,Carola
717,8,Astrid
716,33,Bronson
715,10,Sherman
714,54,Davy
713,6,Rollie
712,30,Isidor
711,16,Sylvester
710,60,Danny
709,8,Sherwood
708,43,Mair
707,50,Mozelle
706,18,Nanette
705,32,Josefina
704,0,Gayelord
703,46,Karyl
702,45,Raimundo
701,68,Hewie
700,68,Hephzibah
699,41,Edgard
698,68,Carlee
697,15,Astrix
696,33,Livvie
695,67,Hannah
694,65,Eula
693,3,Orton
692,54,Andonis
691,16,Brandyn
690,70,Edy
689,35,Derby
688,34,Ashlee
687,10,Jess
686,36,Nevsa
685,53,Andrus
684,33,Inge
683,69,Vance
682,31,Archibald
681,5,Dale
680,54,Melody
679,8,Hi
678,47,Nicki
677,,Jerrie
676,33,Rogers
675,58,Avril
674,73,Adriano
673,74,Virgil
672,21,Darsie
671,68,Ozzy
670,67,Brod
669,28,Malcolm
668,70,Sisile
667,65,Robbie
666,5,Wilton
665,41,Portia
664,39,Leola
663,73,Bonny
662,29,Beulah
661,22,Fancie
660,9,Cairistiona
659,59,Garvy
658,16,Boonie
657,48,Vivianna
656,51,Helenka
655,45,Packston
654,70,Micky
653,30,Steven
652,3,Kennie
651,43,Sanders
650,7,Jehanna
649,17,Dewey
648,14,Tracy
647,12,Noby
646,32,Van
645,15,Nicol
644,50,Harbert
643,26,Levy
642,30,Ingram
641,70,Paddy
640,74,Holly-anne
639,43,Gherardo
638,54,Maible
637,51,Aubrie
636,43,Cort
635,21,Olivie
634,68,Mattie
633,13,Bernadene
632,7,Augustin
631,11,Ephrayim
630,21,Melloney
629,21,Sisely
628,69,Lizabeth
627,44,Reta
626,5,Cris
625,38,Chad
624,69,Feodor
623,43,Danila
622,36,Mendie
621,9,Cherie
620,8,Derrik
619,44,Caresa
618,69,Elna
617,8,Alisun
616,61,Carmelle
615,59,Olivia
614,43,Zak
613,70,Lisbeth
612,33,Candy
611,6,Shantee
610,50,Mireielle
609,11,Dane
608,71,Ilse
607,1,Trude
606,68,Shae
605,37,Galen
604,68,Bessy
603,10,Immanuel
602,60,Keane
601,30,Elsie
600,65,Keen
599,65,Lula
598,45,Worth
597,33,Rice
596,53,Lillis
595,49,Morgan
594,7,Valli
593,20,Freddie
592,16,Gonzales
591,19,Misty
590,44,Neile
589,33,Cherey
588,73,Filide
587,26,Shelley
586,53,Anabel
585,63,Glenine
584,16,Lanita
583,27,Casey
582,68,Adiana
581,39,Bobinette
580,48,Thaddus
579,40,Harold
578,34,Bernie
577,73,Kynthia
576,17,Roberta
575,45,Sigismond
574,24,Sal
573,18,Ciro
572,73,Halsey
571,41,Mel
570,73,Kennett
569,63,Mano
568,53,Pedro
567,45,Nico
566,18,Georgy
565,6,Elvira
564,61,Teddi
563,32,Bobine
562,55,Truman
561,42,Lydia
560,56,Robinetta
559,40,Ogdon
558,4,Brennen
557,18,Reagen
556,64,Carolina
555,51,Reamonn
554,71,Kristina
553,60,Ragnar
552,0,Estella
551,26,Susannah
550,49,Bambie
549,10,Eba
548,48,Kyle
547,59,Gabriellia
546,37,Hester
545,16,Silvanus
544,20,Merle
543,40,Aldis
542,44,Basilio
541,52,Dominick
540,23,Hedy
539,27,Odelle
538,43,Addy
537,50,Zack
536,10,Fransisco
535,20,Daron
534,1,Barrett
533,46,Maurise
532,66,Brana
531,71,Wilbur
530,26,Jameson
529,11,Radcliffe
528,33,Inness
527,44,Conroy
526,45,Giana
525,5,Karalynn
524,71,Cedric
523,40,Siegfried
522,10,Viki
521,19,Culley
520,2,Sharai
519,21,Oswell
518,52,Brier
517,13,Al
516,2,Cammy
515,15,Emanuel
514,6,Barbara-anne
513,11,Mike
512,52,Corissa
511,51,Robenia
510,13,Ashlan
509,36,Sibyl
508,12,Fina
507,60,Rafaelita
506,35,Idaline
505,19,Helena
504,38,Silvia
503,4,Adrianne
502,9,Curry
501,47,Verge
500,15,Monah
499,54,Thebault
498,35,Bertine
497,20,Nanci
496,19,Perla
495,15,Harriett
494,55,Drucie
493,17,Walliw
492,20,Ruby
491,74,Vina
490,25,Mela
489,73,Karylin
488,21,Kelci
487,51,Odo
486,69,Kissee
485,4,Joby
484,54,Gladys
483,16,Regina
482,36,Rem
481,40,Meryl
480,44,Lewes
479,60,Pearle
478,74,Sapphire
477,18,Clive
476,64,Vladamir
475,58,Levin
474,22,Niven
473,58,Dinah
472,10,Jaquelin
471,69,Lorens
470,60,Rodge
469,21,Caspar
468,70,Maggee
467,7,Sheila
466,55,Magdalen
465,52,Josy
464,65,Olwen
463,71,Basia
462,58,Anya
461,9,Towny
460,46,Laurice
459,28,Terrence
458,71,Vern
457,70,Vivyanne
456,50,Jessalyn
455,35,Zonda
454,40,Clotilda
453,67,Kienan
452,45,Orel
451,35,Early
450,2,Susanetta
449,49,Daveen
448,7,Ewan
447,62,Claudell
446,25,Rory
445,69,Abbie
444,29,Innis
443,65,Umberto
442,17,Baryram
441,61,Sven
440,74,Gisella
439,32,Jerry
438,62,Kendal
437,25,Bill
436,71,Lynsey
435,49,Sean
434,11,Tobey
433,43,Thain
432,63,Sheela
431,62,Sibelle
430,74,Harmony
429,21,Camella
428,16,Darryl
427,23,Latisha
426,41,Starr
425,35,Rufe
424,28,Anne-marie
423,11,Peterus
422,2,Herman
421,7,Viviana
420,45,Alistair
419,38,Bernita
418,31,Abigael
417,58,Saloma
416,49,Dalton
415,61,Michelle
414,37,Jada
413,38,Jammal
412,36,Towney
411,44,Nonna
410,49,Merline
409,65,Elwira
408,42,Maryanna
407,55,Gerianne
406,36,Demetria
405,36,Brittaney
404,49,Lance
403,8,Niels
402,22,Amalea
401,41,Olga
400,29,Clayson
399,29,Gare
398,39,Erin
397,54,Elana
396,8,Case
395,58,Sonnnie
394,42,Lukas
393,49,Chrysler
392,43,Fayre
391,7,Aline
390,34,Cyrill
389,65,Scarlet
388,73,Mara
387,65,Selle
386,13,Mollie
385,37,Arly
384,44,Martino
383,65,Chanda
382,0,Jarrod
381,40,Seth
380,8,Willow
379,21,Ruthanne
378,34,Reinald
377,45,Amelia
376,68,Christos
375,9,Dolorita
374,10,Jonathan
373,37,Calley
372,70,Dosi
371,12,Ardys
370,73,Theadora
369,3,Cristy
368,4,Kassie
367,56,Katharyn
366,7,Monty
365,8,Minna
364,55,Jesse
363,45,Dani
362,47,Laird
361,62,Tonia
360,49,Hill
359,61,Domingo
358,5,Monica
357,73,Alissa
356,0,Rosalia
355,70,Skye
354,16,Philbert
353,6,Evita
352,48,Bradly
351,63,Gerald
350,58,Neil
349,29,Karlen
348,49,Gavrielle
347,9,Leland
346,70,Morey
345,36,Salome
344,63,Weidar
343,68,Elora
342,63,Brannon
341,20,Nessa
340,57,Hendrik
339,17,Barbee
338,44,Yorgo
337,49,Kristin
336,39,Panchito
335,35,Davin
334,47,Roscoe
333,44,Wrennie
332,19,Jolie
331,1,Zonnya
330,8,Traci
329,47,Leontyne
328,73,Wright
327,16,Guillemette
326,3,Berenice
325,0,Sascha
324,57,Eliot
323,14,Bat
322,66,Alessandra
321,48,Shari
320,30,Rollo
319,38,Celle
318,51,Guilbert
317,69,Jandy
316,30,Taffy
315,34,Talya
314,36,Chucho
313,0,Herbert
312,6,Nealson
311,12,Ariana
310,25,Donall
309,7,Yettie
308,58,Jens
307,37,Felice
306,62,Dacia
305,11,Bevon
304,9,Ivan
303,65,Karina
302,66,Emlen
301,62,Rosina
300,35,Hal
299,19,Donaugh
298,23,Joscelin
297,19,Ginger
296,60,Bili
295,0,Ebony
294,64,Audrey
293,38,Edward
292,56,Tull
291,18,Phineas
290,1,Teodor
289,48,Des
288,4,Joaquin
287,57,Adorne
286,24,Shepherd
285,39,Gabbie
284,39,Ilysa
283,49,Clarance
282,48,Natalya
281,6,Herc
280,28,Elliot
279,5,Iorgos
278,60,Phil
277,20,Humberto
276,,Gordan
275,31,Thaxter
274,16,Hammad
273,13,Jillane
272,33,Anthea
271,66,Sharona
270,29,Brendan
269,30,Constance
268,44,Robby
267,48,Paulo
266,35,Lorilee
265,65,Reece
264,68,Kinsley
263,12,Dionne
262,33,Lucky
261,69,Selie
260,16,Hana
259,41,Dorian
258,40,Tonnie
257,28,Ive
256,38,Alina
255,64,Dallon
254,61,Faye
253,1,Constanta
252,66,Bren
251,57,Chancey
250,69,Myrwyn
249,21,Amil
248,72,Tadd
247,7,Dalston
246,5,Gustavo
245,17,Eva
244,41,Gloriana
243,40,Terrell
242,50,Hart
241,3,Ethelin
240,59,Brianne
239,13,Filmore
238,42,Brock
237,13,Maddie
236,70,Griffith
235,53,Ronald
234,56,Malchy
233,21,Christalle
232,19,Craggy
231,46,Parker
230,10,Natty
229,14,Ardene
228,23,Ilyssa
227,53,Luisa
226,6,Rubin
225,72,Jon
224,36,Aurel
223,64,Ephrem
222,70,Wash
221,46,Urbain
220,7,Symon
219,25,Lodovico
218,8,Chastity
217,20,Jonis
216,19,Arleen
215,45,Les
214,28,Timmy
213,2,Hilde
212,6,Lambert
211,24,Hermie
210,64,Shawn
209,61,Gibby
208,7,Tore
207,39,Karla
206,25,Enid
205,62,Leia
204,4,Sigmund
203,38,Avie
202,63,Ernestine
201,71,Ky
200,14,Emalee
199,37,Rhys
198,8,Daphene
197,38,Cozmo
196,55,Noel
195,23,Gualterio
194,49,Cynthie
193,41,Derwin
192,50,Ernesta
191,59,Obediah
190,26,Brander
189,8,Abner
188,26,Heather
187,25,Giustina
186,26,Teena
185,45,Kath
184,56,Leelah
183,0,Susy
182,10,Glynis
181,54,Blayne
180,44,Kennedy
179,63,Reena
178,67,Renato
177,37,Taber
176,7,Otha
175,1,Johanna
174,56,Fred
173,14,Alyce
172,40,Meredith
171,36,Shay
170,12,Latrina
169,26,Leeanne
168,8,Estel
167,30,Sherwin
166,40,Leroy
165,49,Adham
164,69,Melania
163,47,Cheryl
162,7,Sybila
161,3,Louella
160,34,Eduardo
159,28,Tanitansy
158,34,Di
157,71,Pepe
156,26,Sissie
155,58,Irene
154,52,Benedetta
153,14,Bearnard
152,20,Josey
151,5,Dory
150,10,Iain
149,21,Linoel
148,49,Darb
147,50,Jeno
146,7,Valentine
145,55,Kelby
144,73,Rozelle
143,68,Elvina
142,54,Laura
141,20,Eddy
140,13,Pepi
139,63,Kassandra
138,14,Pen
137,58,Salaidh
136,27,Othella
135,24,Quent
134,61,Claudette
133,15,Alika
132,8,Alf
131,66,Reilly
130,47,Luci
129,61,Elsworth
128,3,Stesha
127,60,Ddene
126,10,Cortney
125,26,Corri
124,72,Maximilien
123,53,Jamil
122,47,Laina
121,61,Carson
120,19,Odilia
119,31,Natka
118,7,Terza
117,44,Jasen
116,4,Morie
115,29,Julio
114,32,Dina
113,34,Tucky
112,70,Marcus
111,33,Jennica
110,70,Etheline
109,12,Jorrie
108,18,Aile
107,18,Barron
106,46,Louie
105,4,Gardie
104,13,Adolph
103,68,Demetris
102,38,Anitra
101,4,Linda
100,35,Sally
99,0,Vilhelmina
98,55,Stan
97,23,Jill
96,74,Gerik
95,31,Alie
94,19,Christyna
93,36,Artair
92,56,Morten
91,32,Northrup
90,60,Sigvard
89,28,Raven
88,62,Sumner
87,67,Natasha
86,11,Buiron
85,74,Bab
84,74,Griffin
83,49,Lucia
82,14,Cherilynn
81,33,Marybeth
80,5,Burnard
79,45,Bathsheba
78,64,Charisse
77,0,Derk
76,21,Bendick
75,63,Clarine
74,29,Ranee
73,70,Nicoline
72,74,Marrissa
71,60,Aylmar
70,24,Krisha
69,15,Hubert
68,69,Chicky
67,11,Tabbie
66,13,Charlie
65,58,Zsazsa
64,7,Lauralee
63,53,Katuscha
62,32,Pet
61,0,Cirstoforo
60,51,Jdavie
59,27,Cinderella
58,55,Eadmund
57,3,Jozef
56,10,Abagail
55,12,Lilian
54,17,Rosy
53,32,Valerie
52,1,Edd
51,73,Silvester
50,44,Rafa
49,33,Roana
48,62,Betteanne
47,66,Kerwin
46,10,Pail
45,19,Tabbitha
44,31,Lurette
43,69,Meara
42,13,Rea
41,50,Cherise
40,35,Ambrosius
39,44,Corilla
38,32,Willa
37,48,Del
36,62,Cassie
35,19,Sol
34,70,Natale
33,64,Magdalena
32,7,Waiter
31,73,Gerry
30,13,Martica
29,73,Ethel
28,37,Griselda
27,7,Gilli
26,59,Jeanie
25,67,Aviva
24,18,Vernice
23,25,Susan
22,26,Aharon
21,43,Nevins
20,64,Granthem
19,20,Krystalle
18,34,Eustacia
17,35,Yank
16,63,Lief
15,14,Chaddy
14,2,Godfree
13,44,Bucky
12,62,Marcile
11,19,Danni
10,73,Willdon
9,54,Vincents
8,9,Yetta
7,36,Benny
6,68,Layney
5,49,Damita
4,18,Gus
3,28,Salomone
2,60,Alard
1,11,Amelita
0,46,Sax
