0,Martina
1,Tabina
2,Orsa
3,Holli
4,Flossi
5,Katheryn
6,Alyda
7,Cameron
8,Mallory
9,Hatti
10,Ivor
11,Trudi
12,Kaia
13,Giulio
14,Donnell
15,Fremont
16,Tybie
17,Beaufort
18,Britt
19,Hamid
20,Meagan
21,Fanni
22,Kaitlynn
23,Elicia
24,Odelia
25,Devland
26,Karlik
27,Halley
28,Nicola
29,Ximenez
30,Petey
31,Humfrid
32,Burlie
33,Milena
34,Melodie
35,Marya
36,Jefferson
37,Lanny
38,Melisent
39,Hugh
40,Daria
41,Hendrika
42,Suellen
43,Harlen
44,Rochester
45,Drusy
46,Calida
47,Guido
48,Corette
49,Barbey
50,Roz
51,Shane
52,Borden
53,Saul
54,Georgetta
55,Nick
56,Shelagh
57,Godart
58,Lyle
59,Rita
60,Raf
61,Josi
62,Hersch
63,Dorolice
64,Evvy
65,Guenna
66,Dolli
67,Oliviero
68,Quintana
69,Dulcea
70,Ruthie
71,Herschel
72,Abram
73,Pamelina
74,Lennie
